{"credits":3,"percent":100.0}
{"credits":3,"percent":87.93000030517578}
{"credits":3,"percent":87.08000183105469}
{"credits":3,"percent":87.0}
{"credits":3,"percent":100.0}
{"credits":3,"percent":88.1500015258789}
{"credits":3,"percent":84.0}
{"credits":3,"percent":97.5199966430664}
