{"cost":960.0,"credits":3,"name":"SNHU-107","percent":100.0}
{"cost":627.0,"credits":3,"name":"IDS-100","percent":87.93000030517578}
{"cost":960.0,"credits":3,"name":"IT-145","percent":100.0}
{"cost":628.0,"credits":3,"name":"MAT-243","percent":88.1500015258789}
{"cost":864.0,"credits":3,"name":"CS-210","percent":97.5199966430664}
{"cost":864.0,"credits":3,"name":"CS-250","percent":92.5}
{"cost":359.0,"credits":3,"name":"BUS-210 ELE","percent":100.0}
{"cost":79.0,"credits":3,"name":"IT-200 ELE","percent":84.0}
{"cost":50.0,"credits":3,"name":"IT-140","percent":87.08000183105469}
{"cost":316.0,"credits":3,"name":"MAT-136","percent":87.0}
